,ids,idsqcba
accuracy,0.48014081112395723,
rulecount,16.7,
rulelength,1.9385086726998495,
buildtime,87.8667444229126,
