,ids,idsqcba
accuracy,0.5800962123980027,
rulecount,18.8,
rulelength,2.853943030653557,
buildtime,101.64356756210327,
