,ids,idsqcba
accuracy,0.28064890487087285,
rulecount,15.4,
rulelength,1.9766666666666666,
buildtime,103.49899673461914,
