,ids,idsqcba
accuracy,0.7089720934301461,
rulecount,15.7,
rulelength,2.810497321735712,
buildtime,54.444611597061154,
