,ids,idsqcba
accuracy,0.6620001580527897,
rulecount,17.2,
rulelength,1.957446581196581,
buildtime,55.364824295043945,
