,ids,idsqcba
accuracy,0.572,
rulecount,18.3,
rulelength,1.9430789138397837,
buildtime,30.389451456069946,
