,ids,idsqcba
accuracy,0.5434003166483985,
rulecount,17.8,
rulelength,1.9421335200746968,
buildtime,37.73774673938751,
