,ids,idsqcba
accuracy,0.5913021189336979,
rulecount,17.7,
rulelength,2.842790353781066,
buildtime,45.005654311180116,
