,ids,idsqcba
accuracy,0.36698695024781985,
rulecount,16.7,
rulelength,2.6542636285283345,
buildtime,72.57763822078705,
