,ids,idsqcba
accuracy,0.6703703703703703,
rulecount,17.6,
rulelength,2.81109176126591,
buildtime,148.50531537532805,
