,ids,idsqcba
accuracy,0.6133380018674137,
rulecount,16.9,
rulelength,1.994736842105263,
buildtime,26.93132951259613,
