,ids,idsqcba
accuracy,0.7933333333333334,
rulecount,17.3,
rulelength,2.407817620975515,
buildtime,78.4633944272995,
