,ids,idsqcba
accuracy,0.6633333333333332,
rulecount,16.3,
rulelength,2.8987511671335207,
buildtime,38.25048530101776,
