,ids,idsqcba
accuracy,0.04825332505286583,
rulecount,14.9,
rulelength,1.9634126984126987,
buildtime,50.837715315818784,
