,ids,idsqcba
accuracy,0.5112698412698413,
rulecount,16.4,
rulelength,1.9547186147186149,
buildtime,90.71859230995179,
