data_size,duration
176,107.42679834365845
352,81.40042471885681
528,60.046483278274536
704,62.64639616012573
880,68.92089462280273
1056,86.21818971633911
1232,102.59481191635132
1408,82.99094843864441
1584,87.55895566940308
1761,105.3754951953888
