duration,rule_count
3.535895347595215,3
25.718769550323486,6
77.59709048271179,10
83.45364999771118,13
127.29686236381531,17
235.65418815612793,20
311.5104966163635,23
325.7131259441376,27
567.7178301811218,30
1133.134399175644,34
