data_size,duration
176,0.8126376867294312
352,0.882002305984497
528,0.875339937210083
704,0.8707362413406372
880,0.8634085893630982
1056,0.8716981887817383
1232,0.8626903295516968
1408,0.8831065893173218
1584,0.8916666746139527
1761,0.8626896142959595
