{"better": {"0": [15.725085973739624], "1": [1.691460371017456], "2": [0.4438455104827881], "3": [0.4257345199584961], "4": [18.448420763015747], "5": [14.116594791412354], "6": [10.631659507751465]}, "default": {"0": [82.79271578788757], "1": [7.404261350631714], "2": [0.45387935638427734], "3": [0.40145158767700195], "4": [3460.7119193077087], "5": [157.43917679786682], "6": [9726.74799823761]}}