,algorithm,auc,average_rule_width,dataset_name,fraction_classes,fraction_overlap,fraction_uncovered,rule_cutoff,ruleset_length
0,pyARC,0.8379698390343069,2.3684210526315788,anneal,0.4,0.06239958871537812,0.1428571428571428,15,19
1,pyARC,0.7284017442851477,2.3333333333333335,anneal,0.5,0.6851851851851851,0.033333333333333326,15,3
2,pyARC,0.8781559004047759,2.4545454545454546,anneal,0.4,0.030169830169830162,0.25274725274725274,15,11
3,pyARC,0.9299477365694256,2.125,anneal,0.6,0.015293040293040287,0.15384615384615374,15,16
4,pyARC,0.883564711890885,2.433333333333333,anneal,0.8,0.008939974457215831,0.06666666666666665,15,30
5,pyARC,0.777907145598417,2.3333333333333335,anneal,0.4,0.6185185185185185,0.06666666666666665,15,3
6,pyARC,0.9550195114853789,2.25,anneal,0.8,0.021481481481481483,0.11111111111111105,15,16
