,algorithm,auc,average_rule_width,dataset_name,fraction_classes,fraction_overlap,fraction_uncovered,rule_cutoff,ruleset_length
0,pyARC,0.9732386706120882,2.090909090909091,anneal,0.8,0.014300306435137885,0.1123595505617978,15,22
1,pyARC,0.9940476190476191,2.423076923076923,anneal,1.0,0.008076923076923079,0.09090909090909083,15,26
2,pyARC,0.8201335388072822,2.142857142857143,anneal,0.4,0.20562770562770563,0.10227272727272729,15,7
