,acc_test,acc_train,auc_test_classbased,auc_test_confbased,auc_train_classbased,auc_train_confbased,average_rule_width,duration,fraction_classes,fraction_overlap,fraction_uncovered,ruleset_length
0,0.7721788502484032,0.7556818181818182,0.7066276803118909,0.7096777892443527,0.7087371747079917,0.7125714488585934,1.625,1603977629.3884065,1.0,0.2752205211396127,0.0,8
1,0.6820440028388929,0.6505681818181818,0.5299988533425066,0.5299988533425066,0.5150530762949551,0.5150530762949551,1.4,1603978492.2478662,1.0,0.45301632363378286,0.053229240596167404,5
2,0.7714691270404542,0.7585227272727273,0.6942781791079005,0.6933104001834652,0.7033940426740511,0.7018319309830652,1.7142857142857142,1603979457.4798138,1.0,0.23059244989692113,0.024130589070262554,7
3,0.6827537260468417,0.6534090909090909,0.5130718954248366,0.49564499484004126,0.5040650406504066,0.4929882486597792,1.2222222222222223,1603980662.366377,1.0,0.23292721394211813,0.0,9
